local_path,repo_url,repo_name
/Users/shubhamarundekatey/ClaudeCode/Day9/TestWatcher,https://github.com/deka1105/TestWatcher.git,TestWatcher
/Users/shubhamarundekatey/ClaudeCode/day3/MultistockDashboard,https://github.com/deka1105/MultistockDashboard.git,MultistockDashboard
/Users/shubhamarundekatey/ClaudeCode/day0, https://github.com/deka1105/Playbooks.git, PlayBooks
/Users/shubhamarundekatey/ClaudeCode/day10/GitHub AutoPush Analytics, https://github.com/deka1105/GitHub-AutoPush-Analytics.git, GitHub AutoPush Analytics
/Users/shubhamarundekatey/ClaudeCode/day11/WarehouseFlow, https://github.com/deka1105/WarehouseFlow.git, WarehouseFlow
/Users/shubhamarundekatey/ClaudeCode/day8/ImageFix, https://github.com/deka1105/Image-Fix.git, ImageFix
/Users/shubhamarundekatey/ClaudeCode/day12/TrashMan, https://github.com/deka1105/TrashMan.git, TrashMan
/Users/shubhamarundekatey/ClaudeCode/day13/ShadowController, https://github.com/deka1105/ShadowController.git, ShadowController
/Users/shubhamarundekatey/ClaudeCode/day17/globeProducts, https://github.com/deka1105/globeProducts.git, globeProducts
/Users/shubhamarundekatey/ClaudeCode/day14/CodeFlow, https://github.com/deka1105/CodeFlow.git, CodeFlow
/Users/shubhamarundekatey/ClaudeCode/day20/3DPrintMaket, https://github.com/deka1105/3DPrintMaket.git, 3DPrintMaket
/Users/shubhamarundekatey/ClaudeCode/day20/HomeCook, https://github.com/deka1105/HomeCook.git, HomeCook
/Users/shubhamarundekatey/ClaudeCode/day21/HabitFarmer, https://github.com/deka1105/HabitFarmer.git, HabitFarmer
/Users/shubhamarundekatey/ClaudeCode/day21/HabitFarmer/iOS_App_v1/HabitFarmer, https://github.com/deka1105/HabitFarmer-iOS-v1.git, HabitFarmer-iOS-v1
/Users/shubhamarundekatey/ClaudeCode/day21/HabitFarmer/iOS_App_v2/HabitFarmer, https://github.com/deka1105/HabitFarmer-iOS-v2.git, HabitFarmer-iOS-v2
/Users/shubhamarundekatey/ClaudeCode/day22/ColdEmails, https://github.com/deka1105/ColdEmails.git, ColdEmails
/Users/shubhamarundekatey/ClaudeCode/day23/repoherald, https://github.com/deka1105/repoherald.git, repoherald
/Users/shubhamarundekatey/ClaudeCode/day21/ClaudeCertificates, https://github.com/deka1105/ClaudeCertificates.git, ClaudeCertificates
